{"cameraMode":{"drawMode":0,"name":"Shaded","section":"Shading Mode"},"sceneLighting":true,"audioPlay":false,"sceneViewState":{"m_AlwaysRefresh":false,"showFog":true,"showSkybox":true,"showFlares":true,"showImageEffects":true,"showParticleSystems":true,"showVisualEffectGraphs":true,"m_FxEnabled":true},"in2DMode":false,"pivot":{"x":2480.379150390625,"y":534.1958618164063,"z":477.342041015625},"rotation":{"x":-0.027296410873532296,"y":-0.018890464678406717,"z":0.0007366907084360719,"w":-0.9995456337928772},"size":1337.695068359375,"orthographic":false}